-- phpMyAdmin SQL Dump
-- version 5.2.1
-- https://www.phpmyadmin.net/
--
-- ホスト: mysql-server
-- 生成日時: 2023 年 3 月 30 日 08:54
-- サーバのバージョン： 8.0.31
-- PHP のバージョン: 8.1.15

SET SQL_MODE = "NO_AUTO_VALUE_ON_ZERO";
START TRANSACTION;
SET time_zone = "+00:00";


/*!40101 SET @OLD_CHARACTER_SET_CLIENT=@@CHARACTER_SET_CLIENT */;
/*!40101 SET @OLD_CHARACTER_SET_RESULTS=@@CHARACTER_SET_RESULTS */;
/*!40101 SET @OLD_COLLATION_CONNECTION=@@COLLATION_CONNECTION */;
/*!40101 SET NAMES utf8mb4 */;

--
-- データベース: `my_test1`
--

--
-- テーブルのデータのダンプ `m_allergens`
--

INSERT INTO `m_allergens` (`id`, `name`, `created_at`, `updated_at`, `deleted_at`) VALUES
(1, '卵', '2023-03-29 09:03:50', '2023-03-29 09:03:50', NULL),
(2, '乳', '2023-03-29 09:03:50', '2023-03-29 09:03:50', NULL),
(3, '小麦', '2023-03-29 09:03:50', '2023-03-29 09:03:50', NULL),
(4, 'えび', '2023-03-29 09:03:50', '2023-03-29 09:03:50', NULL),
(5, 'かに', '2023-03-29 09:03:50', '2023-03-29 09:03:50', NULL);

--
-- テーブルのデータのダンプ `m_allergy_information`
--

INSERT INTO `m_allergy_information` (`id`, `menu_id`, `allergen_id`, `created_at`, `updated_at`, `deleted_at`) VALUES
(1, 1, 1, '2023-03-29 09:05:29', '2023-03-29 09:05:29', NULL),
(2, 1, 4, '2023-03-29 09:05:29', '2023-03-29 09:05:29', NULL),
(3, 1, 5, '2023-03-29 09:05:29', '2023-03-29 09:05:29', NULL),
(4, 2, 1, '2023-03-29 09:05:29', '2023-03-29 09:05:29', NULL),
(5, 2, 4, '2023-03-29 09:05:29', '2023-03-29 09:05:29', NULL),
(6, 4, 1, '2023-03-29 09:05:29', '2023-03-29 09:05:29', NULL);

--
-- テーブルのデータのダンプ `m_menus`
--

INSERT INTO `m_menus` (`id`, `name`, `menu_number`, `excluding_tax`, `parent_category_id`, `sub_category_id`, `can_take_out_flg`, `created_at`, `updated_at`, `deleted_at`) VALUES
(1, 'はな', 1, 8650, 1, 1, 1, '2023-03-29 08:46:05', '2023-03-29 08:46:05', NULL),
(2, 'わだつみ', 2, 5680, 1, 1, 1, '2023-03-29 08:52:41', '2023-03-29 08:54:06', NULL),
(3, 'みさき', 7, 1940, 1, 2, 1, '2023-03-29 08:52:41', '2023-03-29 08:52:41', NULL),
(4, '玉子', NULL, 100, 2, 3, 1, '2023-03-29 08:53:24', '2023-03-29 08:53:24', NULL),
(5, 'いなり', NULL, 100, 2, 3, 1, '2023-03-29 08:53:24', '2023-03-29 08:53:24', NULL),
(6, 'ゆでげそ', NULL, 150, 2, 4, 1, '2023-03-29 08:56:31', '2023-03-29 08:56:31', NULL),
(7, 'とびっこ', NULL, 150, 2, 4, 1, '2023-03-29 08:56:31', '2023-03-29 08:56:31', NULL),
(8, '生サーモン', NULL, 220, 2, 5, 1, '2023-03-29 08:56:31', '2023-03-29 08:56:31', NULL),
(9, 'ホタテ貝', NULL, 360, 2, 6, 0, '2023-03-29 08:56:31', '2023-03-29 08:56:31', NULL),
(10, 'いくら', NULL, 360, 2, 6, 1, '2023-03-29 08:56:57', '2023-03-29 08:56:57', NULL),
(11, '納豆軍艦', NULL, 100, 2, 3, 1, '2023-03-30 08:15:47', '2023-03-30 08:15:47', NULL);

--
-- テーブルのデータのダンプ `m_parent_categories`
--

INSERT INTO `m_parent_categories` (`id`, `name`, `created_at`, `updated_at`, `deleted_at`) VALUES
(1, 'セットメニュー', '2023-03-29 08:46:05', '2023-03-29 08:46:05', NULL),
(2, 'お好みすし', '2023-03-29 08:46:05', '2023-03-29 08:46:05', NULL);

--
-- テーブルのデータのダンプ `m_sub_categories`
--

INSERT INTO `m_sub_categories` (`id`, `name`, `parent_category_id`, `created_at`, `updated_at`, `deleted_at`) VALUES
(1, '盛り込み', 1, '2023-03-29 08:46:05', '2023-03-29 08:46:05', NULL),
(2, 'にぎり', 1, '2023-03-29 08:46:05', '2023-03-29 08:46:05', NULL),
(3, '一皿 100円', 2, '2023-03-29 08:46:05', '2023-03-29 08:46:05', NULL),
(4, '一皿 150円', 2, '2023-03-29 08:46:05', '2023-03-29 08:46:05', NULL),
(5, '一皿 220円', 2, '2023-03-29 08:46:05', '2023-03-29 08:46:05', NULL),
(6, '一皿 360円', 2, '2023-03-29 08:46:05', '2023-03-29 09:26:49', NULL);

--
-- テーブルのデータのダンプ `m_sushi_materials`
--

INSERT INTO `m_sushi_materials` (`id`, `name`, `menu_id`, `sushi_piece`, `created_at`, `updated_at`, `deleted_at`) VALUES
(1, '玉子', 1, 4, '2023-03-29 09:01:51', '2023-03-29 09:01:51', NULL),
(2, 'まぐろ赤身', 1, 8, '2023-03-29 09:01:51', '2023-03-29 09:01:51', NULL),
(3, 'いくら', 1, 4, '2023-03-29 09:01:51', '2023-03-29 09:01:51', NULL),
(4, 'えび', 1, 4, '2023-03-29 09:01:51', '2023-03-29 09:01:51', NULL),
(5, 'あなご', 1, 2, '2023-03-29 09:01:51', '2023-03-29 09:01:51', NULL),
(6, '玉子', 2, 4, '2023-03-29 09:01:51', '2023-03-29 09:01:51', NULL),
(7, 'まぐろ赤身', 2, 6, '2023-03-29 09:01:51', '2023-03-29 09:01:51', NULL),
(8, 'とびっこ', 2, 4, '2023-03-29 09:01:51', '2023-03-29 09:01:51', NULL),
(9, 'えび', 2, 4, '2023-03-29 09:01:51', '2023-03-29 09:01:51', NULL),
(10, 'まぐろ赤身', 3, 2, '2023-03-29 09:01:51', '2023-03-29 09:01:51', NULL),
(11, 'えび', 3, 2, '2023-03-29 09:01:51', '2023-03-29 09:01:51', NULL),
(12, 'あじ', 3, 2, '2023-03-29 09:01:51', '2023-03-29 09:01:51', NULL),
(13, '玉子', 4, 2, '2023-03-29 09:01:51', '2023-03-29 09:01:51', NULL),
(14, 'いなり', 5, 2, '2023-03-29 09:01:51', '2023-03-29 09:01:51', NULL),
(15, 'ゆでげそ', 6, 2, '2023-03-29 09:02:48', '2023-03-29 09:02:48', NULL),
(16, 'とびっこ', 7, 2, '2023-03-29 09:02:48', '2023-03-29 09:02:48', NULL),
(17, '生サーモン', 8, 1, '2023-03-29 09:02:48', '2023-03-29 09:02:48', NULL),
(18, 'ホタテ貝', 9, 1, '2023-03-29 09:02:48', '2023-03-29 09:02:48', NULL),
(19, 'いくら', 10, 1, '2023-03-29 09:02:48', '2023-03-29 09:02:48', NULL);

--
-- テーブルのデータのダンプ `t_customers`
--

INSERT INTO `t_customers` (`id`, `name`, `phone`, `created_at`, `updated_at`, `deleted_at`) VALUES
(1, '鈴木ゆうた', '080-1234-1234', '2023-03-29 08:46:05', '2023-03-29 08:46:05', NULL),
(2, '佐藤はなこ', '080-5678-5678', '2023-03-29 08:46:09', '2023-03-29 08:46:26', NULL);

--
-- テーブルのデータのダンプ `t_orders`
--

INSERT INTO `t_orders` (`id`, `user_id`, `order_number`, `order_date`, `is_paid`, `is_reserved_for_pickup`, `receiving_item_time`, `comment`, `consumption_tax_rate`, `total_amount_excluding_tax`, `created_at`, `updated_at`, `deleted_at`) VALUES
(1, 1, 1, '2023-03-27 09:11:51', 1, 0, NULL, NULL, 1750.00, 17500.00, '2023-03-28 09:11:51', '2023-03-28 09:11:51', NULL),
(2, 2, 2, '2023-03-27 14:54:51', 1, 0, NULL, NULL, 614.00, 6140.00, '2023-03-29 09:26:24', '2023-03-30 08:29:34', NULL),
(3, 1, 3, '2023-03-27 16:11:51', 1, 0, NULL, NULL, 1704.00, 17040.00, '2023-03-29 09:26:24', '2023-03-29 09:26:24', NULL),
(4, 3, 1, '2023-03-28 11:11:51', 0, 1, '2023-03-28 15:30:00', NULL, 214.00, 2140.00, '2023-03-29 09:26:24', '2023-03-30 08:29:34', NULL),
(5, 2, 2, '2023-03-28 09:11:51', 1, 0, NULL, NULL, 1136.00, 11360.00, '2023-03-29 09:26:24', '2023-03-29 09:26:24', NULL),
(6, 2, 1, '2023-03-29 12:11:51', 1, 0, NULL, NULL, 178.00, 1780.00, '2023-03-29 09:26:24', '2023-03-29 09:26:24', NULL);

--
-- テーブルのデータのダンプ `t_order_details`
--

INSERT INTO `t_order_details` (`id`, `order_id`, `menu_id`, `order_quantity`, `unit_price`, `wasabi_flg`, `shari_size_type`, `created_at`, `updated_at`, `deleted_at`) VALUES
(1, 1, 1, 2, 8650.00, 1, 1, '2023-03-29 09:19:32', '2023-03-29 09:19:32', NULL),
(2, 1, 5, 2, 100.00, 1, 1, '2023-03-29 09:19:32', '2023-03-30 08:29:37', NULL),
(3, 2, 2, 1, 5680.00, 1, 1, '2023-03-29 09:19:32', '2023-03-29 09:19:32', NULL),
(4, 2, 10, 1, 360.00, 0, 0, '2023-03-29 09:19:32', '2023-03-29 09:19:32', NULL),
(5, 3, 2, 3, 5860.00, 1, 1, '2023-03-29 09:22:51', '2023-03-29 09:22:51', NULL),
(6, 4, 4, 1, 100.00, 1, 0, '2023-03-29 09:22:51', '2023-03-30 08:29:37', NULL),
(7, 4, 8, 2, 220.00, 1, 1, '2023-03-29 09:22:51', '2023-03-29 09:22:51', NULL),
(8, 4, 9, 5, 360.00, 1, 1, '2023-03-29 09:22:51', '2023-03-29 09:22:51', NULL),
(9, 5, 2, 2, 5680.00, 0, 1, '2023-03-29 09:26:27', '2023-03-29 09:26:27', NULL),
(10, 6, 5, 4, 100.00, 1, 1, '2023-03-29 09:26:27', '2023-03-29 09:26:27', NULL),
(11, 6, 7, 2, 150.00, 1, 1, '2023-03-29 09:26:27', '2023-03-29 09:26:27', NULL),
(12, 6, 10, 3, 360.00, 1, 1, '2023-03-29 09:26:27', '2023-03-29 09:26:27', NULL);
COMMIT;

/*!40101 SET CHARACTER_SET_CLIENT=@OLD_CHARACTER_SET_CLIENT */;
/*!40101 SET CHARACTER_SET_RESULTS=@OLD_CHARACTER_SET_RESULTS */;
/*!40101 SET COLLATION_CONNECTION=@OLD_COLLATION_CONNECTION */;
