INSERT INTO accounts (id, username, email, password, display_name, profile_image_url, created_at, updated_at)
VALUES
(1, '山崎', 'yamazaki@example.com', 'password_1', 'Yamazaki', 'https://example.com/images/yamazaki.jpg', '2023-04-01 10:00:00', '2023-04-01 10:00:00'),
(2, '田中', 'tanak@example.com', 'password_2', 'Tanaka', 'https://example.com/images/tanak.jpg', '2023-04-02 11:00:00', '2023-04-02 11:00:00'),
(3, '秋山', 'akiyama@example.com', 'password_3', 'Akiyama', 'https://example.com/images/akiyama.jpg', '2023-04-03 10:00:00', '2023-04-03 10:00:00');

INSERT INTO contents (id, account_id)
VALUES
(1, 1),
(2, 1),
(3, 1),
(4, 2),
(5, 2);

INSERT INTO content_details (content_id, content_title, content_body, created_at, delete_at)
VALUES
(1, 'ブログ始めました。', 'これからは私の日常生活や趣味、考え方などを綴っていこうと思います。皆さんにとって楽しくて役に立つ情報を発信できるように努力しますので、ぜひチェックしていただけると嬉しいです。また、コメントや意見もお待ちしておりますので、お気軽にどうぞ。', '2023-04-03 12:00:00', NULL),
(1, 'ブログ始めました。', 'これからは私の日常生活や趣味、考え方などを綴っていこうと思います。皆さんにとって楽しくて役に立つ情報を発信できるように努力しますので、ぜひチェックしていただけると嬉しいです。また、コメントや意見もお待ちしておりますので、お気軽にどうぞ。よろしくお願いします！', '2023-04-03 12:05:00', NULL),
(2, '簡単プランターでのトマトの育て方！', 'プランターでのトマトの育て方を始めましょう！トマトは日当たりの良い場所で育てることが大切です。プランターを選ぶ際は、底に水抜き穴があるものを選びましょう。以下の手順でトマトを育てましょう。\r\n\r\n1. 土づくり: プランターに用土を入れる前に、市販の培養土やバーミキュライトを混ぜて、水はけと通気性が良くなるようにします。\r\n\r\n2. 種まき: 種をまく前に、トマトの種を一晩水に浸しておきます。これにより発芽率が上がります。プランターに種をまき、上から薄く土をかぶせます。その後、水やりをして、プランターを日当たりの良い場所に置きます。\r\n\r\n3. 発芽管理: 発芽するまで、土が乾かないように毎日水やりを行います。発芽後は、適度な水分を保つように注意しましょう。\r\n\r\n4. 支柱設置: トマトが10-15センチ程度に成長したら、支柱を設置して、主茎を支柱に結び付けます。これにより、風で倒れることを防ぎます。\r\n\r\n5. 芽かき: 余分な脇芽を摘むことで、株全体の成長を促進します。脇芽は、主茎と葉の間に生えている小さな芽です。成長に必要のない脇芽は摘んでしまいましょう。\r\n\r\n6. 肥料: 発芽後、2週間から1ヶ月に1回、液体肥料を与えるとトマトの生育が良くなります。\r\n\r\n7. 収穫: トマトが真っ赤に熟したら収穫の時です。適切な収穫期に摘むことで、美味しいトマトが収穫できます。\r\n\r\nこれらの手順に従って、プランターで美味しいトマトを育てましょう！手間も少なく、初心者でも簡単にトライできる方法です。トマトがたくさん実ったら、サラダや料理に使って楽しみましょう。', '2023-04-04 13:00:00', NULL),
(3, '簡単オクラの育て方！', 'オクラは栽培が比較的簡単で、初心者にもおすすめの野菜です。以下の手順で、簡単にオクラを育てることができます。\r\n\r\n1. 種まきの準備: オクラの種は、硬い殻を持っているため、発芽させる前に水に浸しておくと良いでしょう。24時間ほど水に浸した後、土に播種します。\r\n\r\n2. 土の準備: オクラは、水はけの良い土を好むので、砂質または軽い粘土質の土を選びましょう。また、オクラは日当たりが良い場所を好むため、十分な日光が当たる場所を選びます。\r\n\r\n3. 播種: 5月下旬から6月初旬にかけて、種を直播（直接土に蒔く方法）しましょう。種は1.5～2cmの深さに蒔き、種同士の間隔は20～30cm程度あけます。\r\n\r\n4. 水やり: 水はけが良い土を用意している場合、水やりは土が乾いたら行いましょう。過剰な水分はオクラにとって良くないため、土が湿っている程度に留めておきます。\r\n\r\n5. 収穫: オクラは成長が早いため、収穫期間が長く続きます。太さ1～2cm、長さ7～10cm程度に育ったものを毎日収穫しましょう。早めに収穫することで、柔らかくて美味しいオクラが楽しめます。\r\n\r\nこれらの方法に従ってオクラを育てると、美味しいオクラを自家製で楽しむことができます。初心者でも簡単に取り組めるため、ぜひ挑戦してみてください。', '2023-04-13 13:00:00', NULL),
(3, '簡単オクラの育て方！', 'オクラは栽培が比較的簡単で、初心者にもおすすめの野菜です。以下の手順で、簡単にオクラを育てることができます。\r\n\r\n1. 種まきの準備: オクラの種は、硬い殻を持っているため、発芽させる前に水に浸しておくと良いでしょう。24時間ほど水に浸した後、土に播種します。\r\n\r\n2. 土の準備: オクラは、水はけの良い土を好むので、砂質または軽い粘土質の土を選びましょう。また、オクラは日当たりが良い場所を好むため、十分な日光が当たる場所を選びます。\r\n\r\n3. 播種: 5月下旬から6月初旬にかけて、種を直播（直接土に蒔く方法）しましょう。種は1.5～2cmの深さに蒔き、種同士の間隔は20～30cm程度あけます。\r\n\r\n4. 水やり: 水はけが良い土を用意している場合、水やりは土が乾いたら行いましょう。過剰な水分はオクラにとって良くないため、土が湿っている程度に留めておきます。\r\n\r\n5. 肥料: オクラは肥料に対してあまり敏感ではありませんが、発芽後に一度だけ緩効性の肥料を与えると良いでしょう。\r\n\r\n6. 収穫: オクラは成長が早いため、収穫期間が長く続きます。太さ1～2cm、長さ7～10cm程度に育ったものを毎日収穫しましょう。早めに収穫することで、柔らかくて美味しいオクラが楽しめます。\r\n\r\n7. 害虫対策: オクラはアブラムシやカイガラムシに悩まされることがあります。定期的に葉をチェックし、害虫が見つかった場合は速やかに駆除してください。\r\n\r\nこれらの方法に従ってオクラを育てると、美味しいオクラを自家製で楽しむことができます。初心者でも簡単に取り組めるため、ぜひ挑戦してみてください。', '2023-04-14 13:00:00', NULL),
(4, 'Vimについて', 'Vimは、エディタの世界で広く使われている強力で柔軟性の高いテキストエディタの1つです。もともとはViエディタを拡張したものとして開発され、Bram Moolenaarによって1991年にリリースされました。Vimは、Unix、Linux、Mac、Windowsなどの多くのプラットフォームで動作します。\r\n\r\nVimはモーダルなエディタとして知られており、通常モード、挿入モード、ビジュアルモード、コマンドラインモードといった異なるモードがあります。各モードは異なる機能を持ち、効率的なテキスト編集が可能になります。例えば、通常モードではキーボードショートカットを用いてテキストの移動や編集ができ、挿入モードではテキストの入力が可能になります。\r\n\r\nVimの大きな特徴の1つは、プラグインを利用した拡張性です。多くのプラグインが開発されており、様々な機能が追加できます。例えば、シンタックスハイライト、自動補完、コードフォーマット、バージョン管理といった機能があります。これにより、Vimはプログラマだけでなく、さまざまな職種のユーザーにとっても非常に便利なエディタとなっています。', '2023-04-04 14:00:00', NULL),
(4, 'Vimについて', 'Vimは、エディタの世界で広く使われている強力で柔軟性の高いテキストエディタの1つです。もともとはViエディタを拡張したものとして開発され、Bram Moolenaarによって1991年にリリースされました。Vimは、Unix、Linux、Mac、Windowsなどの多くのプラットフォームで動作します。\r\n\r\nVimはモーダルなエディタとして知られており、通常モード、挿入モード、ビジュアルモード、コマンドラインモードといった異なるモードがあります。各モードは異なる機能を持ち、効率的なテキスト編集が可能になります。例えば、通常モードではキーボードショートカットを用いてテキストの移動や編集ができ、挿入モードではテキストの入力が可能になります。\r\n\r\nVimの大きな特徴の1つは、プラグインを利用した拡張性です。多くのプラグインが開発されており、様々な機能が追加できます。例えば、シンタックスハイライト、自動補完、コードフォーマット、バージョン管理といった機能があります。これにより、Vimはプログラマだけでなく、さまざまな職種のユーザーにとっても非常に便利なエディタとなっています。\r\n\r\nまた、Vimは学習コストが高いとされることがありますが、その分パワフルな操作が可能であり、慣れることで効率的な作業ができるようになります。Vimのコミュニティは活発であり、多くのチュートリアルやドキュメントが用意されており、初心者でも学ぶことができます。\r\n\r\nVimはオープンソースソフトウェアとして開発されており、世界中のコントリビューターが開発に参加しています。そのため、Vimは継続的に改善されており、新しい機能やバグ修正が定期的にリリースされています。今後も多くのユーザーに愛され続けるエディタであることは間違いありません。', '2023-04-08 13:00:00', NULL),
(5, 'Star linkとは', 'Starlinkは、スペースX社が開発・運営している衛星インターネット通信サービスです。このプロジェクトの目的は、低軌道に配置された数千の小型衛星を利用して、世界中の人々に高速で安定したインターネット接続を提供することです。特に、従来のインターネットインフラが十分に整備されていない地域や、災害時などの緊急時における通信手段として、大きな貢献が期待されています。さらに、Starlinkの衛星ネットワークは、従来の衛星通信よりも遅延が少なく、ゲームやビデオ会議などのリアルタイム通信にも対応しています。これにより、地球上のどこにいても快適なインターネット環境を享受できるようになることが期待されています。', '2023-04-04 14:01:00', NULL),
(5, 'Star linkとは', 'Starlinkは、スペースX社が開発・運営している衛星インターネット通信サービスです。このプロジェクトの目的は、低軌道に配置された数千の小型衛星を利用して、世界中の人々に高速で安定したインターネット接続を提供することです。特に、従来のインターネットインフラが十分に整備されていない地域や、災害時などの緊急時における通信手段として、大きな貢献が期待されています。さらに、Starlinkの衛星ネットワークは、従来の衛星通信よりも遅延が少なく、ゲームやビデオ会議などのリアルタイム通信にも対応しています。これにより、地球上のどこにいても快適なインターネット環境を享受できるようになることが期待されています。', '2023-04-08 14:00:00', NULL);