-- 登録顧客
INSERT INTO registered_customers (
    id, name, phone_number, email
)VALUES
(UUID_TO_BIN('b4530ed8-5015-39c7-69fd-73e2a6f72d2c'), '山田 太郎', '000-1234-5678', 'abcd@email.com'),
(UUID_TO_BIN('aa215db9-70f1-545b-472a-7d0d956947cb'), '鈴木 一郎', '123-4567-5678', 'ichiro@email.com');

-- ゲスト客
INSERT INTO guest_customers (
    id, name, phone_number, email
)VALUES
(UUID_TO_BIN('6c0951ee-d83c-332a-e001-86a57e095b06'), 'ゲスト 一郎', '111-1111-1111', 'guest1@email.com'),
(UUID_TO_BIN('c22f0e04-b81e-5985-aecc-89c48b733f01'), 'ゲスト 二郎', '222-2222-2222', 'guest2@email.com');

-- 消費税
INSERT INTO tax_rate(
	tax_rate, starts_date
)VALUES
(0.1, '2019-10-1');

-- 商品
INSERT INTO products (
	id, name, price, tax_rate_id, sales_status, inserted_at, updated_at
)VALUES
-- セット
(1, 'はな', 8650, 1, '販売中', '2023-03-01 00:00:00', '2023-03-01 00:00:00'),
(2, 'わだつみ', 5680, 1, '販売中', '2023-03-01 00:00:00', '2023-03-01 00:00:00'),
(3, 'あさなぎ', 4440, 1, '販売中', '2023-03-01 00:00:00', '2023-03-01 00:00:00'),
(4, 'ゆうなぎ', 3830, 1, '販売中', '2023-03-01 00:00:00', '2023-03-01 00:00:00'),
(5, 'くろしお', 2830, 1, '販売中', '2023-03-01 00:00:00', '2023-03-01 00:00:00'),
(6, 'いさりび', 2180, 1, '販売中', '2023-03-01 00:00:00', '2023-03-01 00:00:00'),
(7, 'みさき', 1940, 1, '販売中', '2023-03-01 00:00:00', '2023-03-01 00:00:00'),
(8, 'みなと', 1490, 1, '販売中', '2023-03-01 00:00:00', '2023-03-01 00:00:00'),
(9, 'しおん', 1060, 1, '販売中', '2023-03-01 00:00:00', '2023-03-01 00:00:00'),
(10, 'なぎさ', 800, 1, '販売中', '2023-03-01 00:00:00', '2023-03-01 00:00:00'),
(11, '海鮮ちらし', 2830, 1, '販売中', '2023-03-01 00:00:00', '2023-03-01 00:00:00'),
(12, '鉄火丼', 2180, 1, '販売中', '2023-03-01 00:00:00', '2023-03-01 00:00:00'),
(13, '鮨八方宝巻', 1280, 1, '販売中', '2023-03-01 00:00:00', '2023-03-01 00:00:00'),
-- 寿司
(14, '玉子', 100, 1, '販売中', '2023-03-01 00:00:00', '2023-03-01 00:00:00'),
(15, 'いなり', 100, 1, '販売中', '2023-03-01 00:00:00', '2023-03-01 00:00:00'),
(16, '納豆軍艦', 100, 1, '販売中', '2023-03-01 00:00:00', '2023-03-01 00:00:00'),
(17, 'ツナサラダ', 100, 1, '販売中', '2023-03-01 00:00:00', '2023-03-01 00:00:00'),
(18, 'コーン', 100, 1, '販売中', '2023-03-01 00:00:00', '2023-03-01 00:00:00'),
(19, 'カニサラダ', 100, 1, '販売中', '2023-03-01 00:00:00', '2023-03-01 00:00:00'),
(20, 'オクラ軍艦', 100, 1, '販売中', '2023-03-01 00:00:00', '2023-03-01 00:00:00'),
(21, 'ゆでげそ', 150, 1, '販売中', '2023-03-01 00:00:00', '2023-03-01 00:00:00'),
(22, 'とびっこ', 150, 1, '販売中', '2023-03-01 00:00:00', '2023-03-01 00:00:00'),
(23, '明太子サラダ', 150, 1, '販売中', '2023-03-01 00:00:00', '2023-03-01 00:00:00'),
(24, 'いかの塩辛', 150, 1, '販売中', '2023-03-01 00:00:00', '2023-03-01 00:00:00'),
(25, 'オクラ納豆', 150, 1, '販売中', '2023-03-01 00:00:00', '2023-03-01 00:00:00'),
(26, '干瓢巻き', 150, 1, '販売中', '2023-03-01 00:00:00', '2023-03-01 00:00:00'),
(27, 'なっとう巻', 150, 1, '販売中', '2023-03-01 00:00:00', '2023-03-01 00:00:00'),
(28, 'かっぱ巻', 150, 1, '販売中', '2023-03-01 00:00:00', '2023-03-01 00:00:00'),
(29, 'おしんこ巻', 150, 1, '販売中', '2023-03-01 00:00:00', '2023-03-01 00:00:00'),
(30, '梅しそ巻', 150, 1, '販売中', '2023-03-01 00:00:00', '2023-03-01 00:00:00'),
(31, 'えび', 180, 1, '販売中', '2023-03-01 00:00:00', '2023-03-01 00:00:00'),
(32, '赤いか', 180, 1, '販売中', '2023-03-01 00:00:00', '2023-03-01 00:00:00'),
(33, 'かにみそ軍艦', 180, 1, '販売中', '2023-03-01 00:00:00', '2023-03-01 00:00:00'),
-- 生サーモンに対して価格変更が発生
(34, '生サーモン', 220, 1, '販売中', '2023-03-01 00:00:00', '2023-04-02 00:00:00'),
(35, 'オニオンサーモン', 220, 1, '販売中', '2023-03-01 00:00:00', '2023-03-01 00:00:00'),
(36, 'まぐろ赤身', 220, 1, '販売中', '2023-03-01 00:00:00', '2023-03-01 00:00:00'),
(37, 'ゆでたこ', 220, 1, '販売中', '2023-03-01 00:00:00', '2023-03-01 00:00:00'),
(38, 'あじ', 260, 1, '販売中', '2023-03-01 00:00:00', '2023-03-01 00:00:00'),
(39, '赤えび', 260, 1, '販売中', '2023-03-01 00:00:00', '2023-03-01 00:00:00'),
(40, '生たこ', 260, 1, '販売中', '2023-03-01 00:00:00', '2023-03-01 00:00:00'),
(41, 'えんがわ', 260, 1, '販売中', '2023-03-01 00:00:00', '2023-03-01 00:00:00'),
(42, '炙りえんがわ', 260, 1, '販売中', '2023-03-01 00:00:00', '2023-03-01 00:00:00'),
(43, 'まぐろ塩だれ焼', 260, 1, '販売中', '2023-03-01 00:00:00', '2023-03-01 00:00:00'),
(44, '焼きえび', 260, 1, '販売中', '2023-03-01 00:00:00', '2023-03-01 00:00:00'),
(45, 'ネギトロ', 260, 1, '販売中', '2023-03-01 00:00:00', '2023-03-01 00:00:00'),
(46, '炙りサーモン', 260, 1, '販売中', '2023-03-01 00:00:00', '2023-03-01 00:00:00'),
(47, '鉄火巻', 260, 1, '販売中', '2023-03-01 00:00:00', '2023-03-01 00:00:00'),
(48, 'まぐろワサビ巻', 260, 1, '販売中', '2023-03-01 00:00:00', '2023-03-01 00:00:00'),
(49, 'いくら', 360, 1, '販売中', '2023-03-01 00:00:00', '2023-03-01 00:00:00'),
(50, 'ホタテ貝', 360, 1, '販売中', '2023-03-01 00:00:00', '2023-03-01 00:00:00'),
(51, '穴子', 360, 1, '販売中', '2023-03-01 00:00:00', '2023-03-01 00:00:00'),
(52, '真鯛', 360, 1, '販売中', '2023-03-01 00:00:00', '2023-03-01 00:00:00'),
(53, '活ヒラメ', 400, 1, '販売中', '2023-03-01 00:00:00', '2023-03-01 00:00:00'),
(54, '数の子', 400, 1, '販売中', '2023-03-01 00:00:00', '2023-03-01 00:00:00'),
(55, 'ずわいがに', 400, 1, '販売中', '2023-03-01 00:00:00', '2023-03-01 00:00:00'),
(56, 'トロタク巻', 400, 1, '販売中', '2023-03-01 00:00:00', '2023-03-01 00:00:00'),
(57, 'すじこ巻', 400, 1, '販売中', '2023-03-01 00:00:00', '2023-03-01 00:00:00'),
(58, '中トロ', 460, 1, '販売中', '2023-03-01 00:00:00', '2023-03-01 00:00:00'),
(59, '特大海老', 460, 1, '販売中', '2023-03-01 00:00:00', '2023-03-01 00:00:00'),
(60, 'あなご一本すし', 520, 1, '販売中', '2023-03-01 00:00:00', '2023-03-01 00:00:00'),
(61, 'まぐろづくし', 520, 1, '販売中', '2023-03-01 00:00:00', '2023-03-01 00:00:00'),
(62, '白身づくし', 520, 1, '販売中', '2023-03-01 00:00:00', '2023-03-01 00:00:00'),
(63, 'うに', 600, 1, '販売中', '2023-03-01 00:00:00', '2023-03-01 00:00:00'),
(64, 'インドまぐろ大トロ', 600, 1, '販売中', '2023-03-01 00:00:00', '2023-03-01 00:00:00'),
-- サイドメニュー
(65, '唐揚げ', 650, 1, '販売中', '2023-03-01 00:00:00', '2023-03-01 00:00:00'),
(66, '茶碗蒸し', 450, 1, '販売中', '2023-03-01 00:00:00', '2023-03-01 00:00:00'),
(67, '赤だし', 300, 1, '販売中', '2023-03-01 00:00:00', '2023-03-01 00:00:00');

-- 商品変更履歴
INSERT INTO product_update_histories (
	id, product_id, name, price, tax_rate_id, sales_status, product_inserted_at, product_updated_at
)VALUES
(1, 34, '生サーモン', 100, 1, '販売中', '2023-03-01 00:00:00', '2023-03-01 00:00:00');


-- カテゴリー
INSERT INTO categories (
	id, name
)VALUES
(1, 'セットメニュー'),
(2, '盛り込み'),
(3, 'にぎり'),
(4, '鮨やの丼'),
(5, 'おすすめ'),
(6, '地元に生まれた味'),
(7, 'お好みすし'),
(8, 'サイドメニュー');

-- 商品カテゴリー
INSERT INTO product_categories (
	id, product_id, category_id
)VALUES
-- セット
(1, 1, 1),
(2, 1, 2),
(3, 2, 1),
(4, 2, 2),
(5, 3, 1),
(6, 3, 2),
(7, 4, 1),
(8, 4, 2),
(9, 5, 1),
(10, 5, 2),
(11, 6, 1),
(12, 6, 2),
(13, 7, 1),
(14, 7, 3),
(15, 8, 1),
(16, 8, 3),
(17, 9, 1),
(18, 9, 3),
(19, 10, 1),
(20, 10, 3),
(21, 11, 1),
(22, 11, 4),
(23, 11, 5),
(24, 12, 1),
(25, 12, 4),
(26, 12, 5),
(27, 13, 1),
(28,13, 6),
-- 寿司
(29, 14, 7),
(30, 15, 7),
(31, 16, 7),
(32, 17, 7),
(33, 18, 7),
(34, 19, 7),
(35, 20, 7),
(36, 21, 7),
(37, 22, 7),
(38, 23, 7),
(39, 24, 7),
(40, 25, 7),
(41, 26, 7),
(42, 27, 7),
(43, 28, 7),
(44, 29, 7),
(45, 30, 7),
(46, 31, 7),
(47, 32, 7),
(48, 33, 7),
(49, 34, 7),
(50, 35, 7),
(51, 36, 7),
(52, 37, 7),
(53, 38, 7),
(54, 39, 7),
(55, 40, 7),
(56, 41, 7),
(57, 42, 7),
(58, 43, 7),
(59, 44, 7),
(60, 45, 7),
(61, 46, 7),
(62, 47, 7),
(63, 48, 7),
(64, 49, 7),
(65, 50, 7),
(66, 51, 7),
(67, 52, 7),
(68, 53, 7),
(69, 54, 7),
(70, 55, 7),
(71, 56, 7),
(72, 57, 7),
(73, 58, 7),
(74, 59, 7),
(75, 60, 7),
(76, 61, 7),
(77, 62, 7),
(78, 63, 7),
(79, 64, 7),
(80, 65, 8),
(81, 66, 8),
(82, 67, 8);

-- セットメニュー(はな、みさき)
INSERT INTO set_details(
    id, set_id, sushi_id
)VALUES
(1, 4, 14),
(2, 4, 31),
(3, 4, 34),
(4, 4, 49),
(5, 4, 63),
(6, 1, 45),
(7, 1, 46),
(8, 1, 47),
(9, 1, 48),
(10, 1, 49),
(11, 1, 50),
(12, 1, 51),
(13, 1, 52),
(14, 1, 53),
(15, 1, 54),
(16, 1, 55),
(17, 1, 56),
(18, 1, 57),
(19, 1, 58),
(20, 1, 59);

-- クーポン
INSERT INTO coupons (
	id, name, discount_price, starts_at, ends_at
)VALUES
(1, '共通クーポン', 100, '2023-03-01 00:00:00', NULL),
(2, '会員限定クーポン', 500, '2023-03-01 00:00:00', '2023-12-31 23:59:59');

-- 支払方法
 INSERT INTO payment_methods(
	id, name
 )VALUES
 (1, '現金'),
 (2, 'クレジットカード'),
 (3, '電子マネー');

-- 顧客保有クーポン
INSERT INTO customer_holding_coupons(
    id, registered_customer_id, coupon_id, used_at
)VALUES
(1, UUID_TO_BIN('b4530ed8-5015-39c7-69fd-73e2a6f72d2c'), 1, null),
(2, UUID_TO_BIN('b4530ed8-5015-39c7-69fd-73e2a6f72d2c'), 2, '2023-04-01 10:00:00'),
(3, UUID_TO_BIN('aa215db9-70f1-545b-472a-7d0d956947cb'), 1, null),
(4, UUID_TO_BIN('aa215db9-70f1-545b-472a-7d0d956947cb'), 2, null);
 
-- ゲスト客使用クーポン
INSERT INTO guest_used_coupons(
    id, guest_customer_id, coupon_id, used_at
)VALUES
(1, UUID_TO_BIN('6c0951ee-d83c-332a-e001-86a57e095b06'), 1, '2023-04-02 11:00:00');

 -- 顧客住所
 INSERT INTO customer_addresses (
	id, customer_id, postal_code, address1, address2
 )VALUES
 (1, UUID_TO_BIN('b4530ed8-5015-39c7-69fd-73e2a6f72d2c'), '1234567', '大阪府', '○○市123-456'),
 (2, UUID_TO_BIN('b4530ed8-5015-39c7-69fd-73e2a6f72d2c'), '2222222', '東京都', 'XX市111-111'),
 (3, UUID_TO_BIN('aa215db9-70f1-545b-472a-7d0d956947cb'), '9876543', '北海道', 'YY市222');
 
 -- 注文票
 INSERT INTO orders(
	id, registered_customer_id, guest_customer_id, tax_rate_id, used_coupon_id, subtotal_price, total_price, order_method, postal_code, address1, address2, payment_method_id, ordered_at, payed_at 
  )VALUES
 (1, UUID_TO_BIN('b4530ed8-5015-39c7-69fd-73e2a6f72d2c'), NULL, 1, 2, 1000, 1100, '店内', NULL, NULL, NULL, 1, '2023-04-01 10:00:00', '2023-04-01 10:30:00' ),
 (2, UUID_TO_BIN('aa215db9-70f1-545b-472a-7d0d956947cb'), NULL, 1, NULL, 8950, 9845, 'EC', '9876543','北海道','YY市222', 2, '2023-04-01 11:00:00', '2023-04-01 11:00:00' ),
 (3, NULL, UUID_TO_BIN('6c0951ee-d83c-332a-e001-86a57e095b06'), 1, 1, 2000, 2200, '店内',NULL ,NULL , NULL, 1, '2023-04-02 11:00:00', '2023-04-02 11:30:00' ),
 (4, NULL, UUID_TO_BIN('c22f0e04-b81e-5985-aecc-89c48b733f01'), 1, NULL, 5000, 5500, 'EC', '1111111','大阪府','○○市111', 2, '2023-05-02 12:00:00', '2023-05-02 12:00:00' );

-- 注文票詳細
 INSERT INTO order_products(
	order_id, order_product_seq, product_id, product_price, package_id, package_price, quantity 
  )VALUES
  (1, 1, 36, 220, NULL, NULL, 2),
  (1, 2, 37, 220, NULL, NULL, 1),
  (1, 3, 48, 260, 1, 200, 1),
  (1, 4, 34, 100, NULL, NULL, 2),
  (1, 5, 33, 180, NULL, NULL, 1),
  (2, 1, 1, 8650, NULL, NULL, 1),
  (2, 2, 67, 300, NULL, NULL, 1),
  (3, 1, 34, 220, NULL, NULL, 2),
  (3, 2, 63, 600, NULL, NULL, 1),
  (3, 3, 58, 460, NULL, NULL, 1),
  (3, 4, 55, 400, NULL, NULL, 1),
  (3, 5, 15, 100, NULL, NULL, 1),
  (3, 6, 17, 100, NULL, NULL, 1),
  (4, 1, 13, 1280, 1, 200, 1),
  (4, 2, 12, 2180, NULL, NULL, 1),
  (4, 3, 41, 260, NULL, NULL, 1),
  (4, 4, 49, 360, NULL, NULL, 2),
  (4, 5, 31, 180, NULL, NULL, 2);

-- オプション
INSERT INTO options(
	id, name
)VALUES
(1, 'わさびあり'),
(2, 'わさび抜き'),
(3, 'シャリ大'),
(4, 'シャリ小');

-- 梱包
INSERT INTO packages(
	id, name, price
)VALUES
(1, '化粧箱', 200);

-- 支払方法
INSERT INTO options(
	id, name
)VALUES
(1, '現金'),
(2, 'クレジットカード'),
(3, '電子マネー');

-- 注文オプション
INSERT INTO order_options (
    id, order_id, order_product_seq, option_id
)VALUES
(1,1,1,1),
(2,1,1,3),
(3,1,2,1),
(4,1,3,2),
(5,1,4,1),
(6,1,5,1),
(7,2,1,2),
(8,3,1,1),
(9,3,1,4),
(10,3,2,4),
(11,3,2,2),
(12,3,3,2),
(13,3,3,4),
(14,3,4,2),
(15,3,4,4),
(16,3,5,2),
(17,3,5,4),
(18,3,6,2),
(19,3,6,4),
(20,4,1,1),
(21,4,2,1),
(22,4,3,1),
(23,4,4,1),
(24,4,5,1);
