-- phpMyAdmin SQL Dump
-- version 5.2.1
-- https://www.phpmyadmin.net/
--
-- ホスト: mysql-server
-- 生成日時: 2023 年 4 月 05 日 06:41
-- サーバのバージョン： 8.0.31
-- PHP のバージョン: 8.1.15

SET SQL_MODE = "NO_AUTO_VALUE_ON_ZERO";
START TRANSACTION;
SET time_zone = "+00:00";


/*!40101 SET @OLD_CHARACTER_SET_CLIENT=@@CHARACTER_SET_CLIENT */;
/*!40101 SET @OLD_CHARACTER_SET_RESULTS=@@CHARACTER_SET_RESULTS */;
/*!40101 SET @OLD_COLLATION_CONNECTION=@@COLLATION_CONNECTION */;
/*!40101 SET NAMES utf8mb4 */;

--
-- データベース: `my_test2`
--

--
-- テーブルのデータのダンプ `m_users`
--

INSERT INTO `m_users` (`id`, `name`, `email`, `password`, `phone`, `image`, `created_at`, `updated_at`, `deleted_at`) VALUES
(1, '鈴木りょうこ', 'example1.com', 'password1', '080-1111-1111', '/file/image1.png', '2023-04-03 08:49:05', '2023-04-03 08:52:11', NULL),
(2, '斎藤たくみ', 'example2.com', 'password2', '080-2222-2222', NULL, '2023-04-03 08:49:05', '2023-04-03 08:52:11', NULL),
(3, '深海あやこ', 'example3.com', 'password3', '080-3333-3333', NULL, '2023-04-03 08:49:05', '2023-04-03 08:55:50', NULL),
(4, '田中たろう', 'example4.com', 'password4', '080-4444-4444', '/file/image4.png', '2023-04-03 09:17:59', '2023-04-03 09:17:59', NULL),
(5, '山口まさと', 'example5.com', 'password5', '080-5555-5555', '/file/image5.png', '2023-04-03 09:18:33', '2023-04-03 09:18:33', NULL);

--
-- テーブルのデータのダンプ `t_channels`
--

INSERT INTO `t_channels` (`id`, `name`, `workspace_id`, `created_at`, `updated_at`, `deleted_at`) VALUES
(1, 'アメリカ旅行計画', 1, '2023-04-03 09:02:37', '2023-04-03 09:02:37', NULL),
(2, '沖縄旅行計画', 1, '2023-04-03 09:02:37', '2023-04-03 09:02:37', NULL),
(3, '野球', 2, '2023-04-03 09:15:42', '2023-04-03 09:27:17', NULL),
(4, 'サッカー', 2, '2023-04-03 09:21:25', '2023-04-03 09:21:25', NULL);

--
-- テーブルのデータのダンプ `t_messages`
--

INSERT INTO `t_messages` (`id`, `channel_id`, `user_id`, `content`, `created_at`, `updated_at`, `deleted_at`) VALUES
(1, 1, 1, 'アメリカ旅行について話しましょう。どこに行きたいですか？', '2023-04-03 09:03:02', '2023-04-03 09:03:02', NULL),
(2, 1, 1, 'この前の旅行の話だけど、そろそろホテルとか予約した方がいいかな？', '2023-04-03 09:07:45', '2023-04-04 08:53:57', NULL),
(3, 2, 2, 'ねえ、みんな、今年の夏はどこか旅行に行く予定ある？', '2023-04-03 09:12:04', '2023-04-03 09:27:25', NULL),
(4, 3, 4, 'こんにちは、斎藤さん。WBCの試合、見ましたか？', '2023-04-03 09:19:24', '2023-04-03 09:27:11', NULL),
(5, 1, 1, 'ごめん、アメリカ旅行だけどコロナにかかったかも...', '2023-04-04 08:13:00', '2023-04-04 08:13:17', '2023-04-04 08:13:00');

--
-- テーブルのデータのダンプ `t_thread_msssages`
--

INSERT INTO `t_thread_msssages` (`id`, `message_id`, `user_id`, `content`, `created_at`, `updated_at`, `deleted_at`) VALUES
(1, 1, 2, '私はニューヨークに行ってみたいです。ブロードウェイや自由の女神像を見たいです。', '2023-04-03 09:04:06', '2023-04-03 09:04:06', NULL),
(2, 1, 3, '私はロサンゼルスが好きです。映画スターに会ったり、ビーチで過ごすのが楽しいです。', '2023-04-03 09:05:11', '2023-04-03 09:05:11', NULL),
(3, 1, 1, '私はシカゴに行ってみたいです。シカゴスタイルピザを食べたいですね。', '2023-04-03 09:05:12', '2023-04-03 09:05:12', NULL),
(4, 1, 1, 'シカゴピザは、厚いクラストでトッピングがたっぷりのボリュームたっぷりのピザです。ぜひ食べてみてください。', '2023-04-03 09:05:18', '2023-04-03 09:05:18', NULL),
(5, 1, 3, 'お昼ご飯にいいね。シカゴピザ美味しそう。', '2023-04-03 09:06:42', '2023-04-04 08:46:38', NULL),
(6, 1, 2, 'よし、みんなでピザを食べにシカゴに行こう！！', '2023-04-03 09:06:53', '2023-04-04 07:55:32', NULL),
(7, 2, 2, 'そろそろ決めないとね。ホテルかAirbnbかどっちがいいと思う？', '2023-04-03 09:08:59', '2023-04-03 09:09:59', NULL),
(8, 2, 3, 'もし2人で泊まるなら、Airbnbの方がお得だと思いますよ。でも、ホテルの方が便利です。', '2023-04-03 09:09:59', '2023-04-03 09:09:59', NULL),
(9, 2, 1, '予算的には、どちらがお得なんだろう？', '2023-04-03 09:12:43', '2023-04-03 09:12:43', NULL),
(10, 3, 2, 'この前、アメリカに行ったじゃん。今度は国内旅行に行きたい！！', '2023-04-03 09:12:50', '2023-04-05 05:05:25', NULL),
(11, 3, 3, '私は沖縄に行こうと思ってるんだけど、みんなはどう？', '2023-04-03 09:13:09', '2023-04-03 09:13:09', NULL),
(12, 3, 1, '沖縄いいですね。私も一度行ってみたかったんですが、まだ行ったことがないんですよね。', '2023-04-03 09:13:27', '2023-04-03 09:13:27', NULL),
(13, 3, 1, '私も沖縄は行ったことがないんだけど、美味しい食べ物とか見どころって何があるんだろう？', '2023-04-03 09:13:42', '2023-04-03 09:13:42', NULL),
(14, 3, 3, 'そうだね、沖縄って言われると海しか思い浮かばないけど、ご飯もかなり美味しいらしいよ。沖縄そばとか、ゴーヤチャンプルとか、泡盛も有名だよ。', '2023-04-03 09:14:02', '2023-04-04 08:46:38', NULL),
(15, 4, 2, 'はい、見ましたよ。アメリカ対日本の試合は熱かったですね。', '2023-04-03 09:19:43', '2023-04-03 09:28:53', NULL),
(16, 4, 3, 'そうですね、私もその試合は見ました。スコアが接近していたので、本当にドキドキしました。', '2023-04-03 09:20:05', '2023-04-03 09:20:05', NULL),
(17, 4, 4, 'そうだね、WBCは本当に面白い大会だ。次はどんな試合が見られるかな？', '2023-04-03 09:20:41', '2023-04-03 09:20:41', NULL),
(18, 4, 3, 'それは私たちもわかりませんね。でも、今から楽しみです。', '2023-04-03 09:25:43', '2023-04-03 09:25:50', '2023-04-03 09:25:54');

--
-- テーブルのデータのダンプ `t_user_belonging_channels`
--

INSERT INTO `t_user_belonging_channels` (`id`, `user_id`, `channel_id`, `created_at`, `updated_at`, `deleted_at`) VALUES
(1, 1, 1, '2023-04-03 09:23:28', '2023-04-03 09:23:28', NULL),
(2, 2, 1, '2023-04-03 09:23:28', '2023-04-03 09:23:28', NULL),
(3, 3, 1, '2023-04-03 09:23:28', '2023-04-03 09:23:28', NULL),
(4, 1, 2, '2023-04-03 09:23:28', '2023-04-04 08:09:07', NULL),
(5, 2, 2, '2023-04-03 09:23:28', '2023-04-04 08:09:07', NULL),
(6, 3, 2, '2023-04-03 09:23:28', '2023-04-04 08:09:07', NULL),
(7, 2, 3, '2023-04-03 09:24:35', '2023-04-04 08:09:07', NULL),
(8, 3, 3, '2023-04-03 09:24:35', '2023-04-04 08:09:07', NULL),
(9, 4, 3, '2023-04-03 09:24:35', '2023-04-04 08:09:07', NULL);

--
-- テーブルのデータのダンプ `t_user_belonging_workspaces`
--

INSERT INTO `t_user_belonging_workspaces` (`id`, `user_id`, `workspace_id`, `created_at`, `updated_at`, `deleted_at`) VALUES
(1, 1, 1, '2023-04-03 09:23:00', '2023-04-03 09:23:00', NULL),
(2, 2, 1, '2023-04-03 09:23:00', '2023-04-03 09:23:00', NULL),
(3, 3, 1, '2023-04-03 09:23:00', '2023-04-03 09:23:00', NULL),
(4, 4, 1, '2023-04-03 09:23:00', '2023-04-03 09:23:00', NULL),
(5, 1, 2, '2023-04-03 09:23:01', '2023-04-04 07:09:27', NULL),
(6, 2, 2, '2023-04-03 09:23:01', '2023-04-04 07:09:27', NULL),
(7, 3, 2, '2023-04-03 09:23:01', '2023-04-04 07:09:27', NULL),
(8, 4, 2, '2023-04-03 09:23:01', '2023-04-04 07:09:27', NULL),
(10, 5, 3, '2023-04-04 07:10:00', '2023-04-04 07:10:00', NULL);

--
-- テーブルのデータのダンプ `t_workspaces`
--

INSERT INTO `t_workspaces` (`id`, `name`, `created_at`, `updated_at`, `deleted_at`) VALUES
(1, '旅行計画', '2023-04-03 08:58:13', '2023-04-03 09:02:25', NULL),
(2, 'スポーツ応援団', '2023-04-03 09:14:33', '2023-04-03 09:21:33', NULL),
(3, '雑談', '2023-04-04 07:06:26', '2023-04-04 07:06:26', NULL);
COMMIT;

/*!40101 SET CHARACTER_SET_CLIENT=@OLD_CHARACTER_SET_CLIENT */;
/*!40101 SET CHARACTER_SET_RESULTS=@OLD_CHARACTER_SET_RESULTS */;
/*!40101 SET COLLATION_CONNECTION=@OLD_COLLATION_CONNECTION */;
