-- users
INSERT INTO users (id, username, email, password, display_name, profile_image_url) VALUES
(1, 'user1', 'user1@example.com', 'password1', 'ユーザー1', 'https://example.com/image1.jpg'),
(2, 'user2', 'user2@example.com', 'password2', 'ユーザー2', 'https://example.com/image2.jpg'),
(3, 'user3', 'user3@example.com', 'password3', 'ユーザー3', 'https://example.com/image3.jpg'),
(4, 'user4', 'user4@example.com', 'password4', 'ユーザー4', 'https://example.com/image4.jpg'),
(5, 'user5', 'user5@example.com', 'password5', 'ユーザー5', 'https://example.com/image5.jpg');

-- workspaces
INSERT INTO workspaces (id, name) VALUES
(1, 'workspace1'),
(2, 'workspace2'),
(3, 'workspace3');

-- workspace_members
INSERT INTO workspace_members (user_id, workspace_id, role) VALUES
(1, 1, 0),
(2, 1, 1),
(3, 1, 1),
(4, 1, 1),
(1, 2, 0),
(2, 2, 1),
(3, 2, 1),
(4, 3, 0),
(1, 3, 1),
(5, 3, 1);

-- channels
INSERT INTO channels (id, workspace_id, name, description, is_private) VALUES
(1, 1, 'general', '一般チャンネル', false),
(2, 1, 'random', 'ランダムな話題', false),
(3, 1, 'private1', 'プライベートチャンネル1', true),
(4, 2, 'general', '一般チャンネル', false),
(5, 2, 'news', 'ニュース', false),
(6, 3, 'general', '一般チャンネル', false),
(7, 3, 'random', 'ランダムな話題', false);

-- channel_members
INSERT INTO channel_members (user_id, channel_id) VALUES
(1, 1),
(2, 1),
(3, 1),
(4, 1),
(1, 2),
(2, 2),
(3, 2),
(1, 3),
(2, 3),
(1, 4),
(2, 4),
(1, 5);

-- messages
INSERT INTO messages (user_id, channel_id, content, created_at, updated_at) VALUES
(1, 1, 'こんにちは、これはテストメッセージです。', '2020-01-01 09:30:00', '2020-01-01 09:30:00'),
(2, 2, 'Hello, this is a test message.', '2020-01-15 14:45:00', '2020-01-15 14:45:00'),
(3, 3, '初めまして、ユーザー3です。', '2020-02-03 11:05:00', '2020-02-03 11:05:00'),
(4, 4, 'Nice to meet you all!', '2020-02-10 16:20:00', '2020-02-10 16:20:00'),
(1, 5, 'コードの例:\n\nprint("Hello, World!")\n', '2020-02-25 10:50:00', '2020-02-25 10:50:00'),
(2, 1, '例のコード:\n\ndef greet(name):\n return f"Hello, {name}!"\nprint(greet("John"))\n', '2020-03-02 09:15:00', '2020-03-02 09:15:00'),
(3, 2, '日本語のメッセージです。', '2020-03-18 20:35:00', '2020-03-18 20:35:00'),
(4, 3, 'Another English message.', '2020-04-01 12:55:00', '2020-04-01 12:55:00'),
(1, 4, '今日の天気は晴れです。', '2020-04-14 07:00:00', '2020-04-14 07:00:00'),
(2, 5, "Today's weather is sunny.", '2020-04-30 18:10:00', '2020-04-30 18:10:00'),
(3, 1, '昨日は雨でした。', '2020-05-12 22:45:00', '2020-05-12 22:45:00'),
(4, 2, 'It was raining yesterday.', '2020-05-29 08:30:00', '2020-05-29 08:30:00'),
(1, 3, 'どんなプログラミング言語が好きですか？', '2020-06-11 19:05:00', '2020-06-11 19:05:00'),
(2, 4, 'What programming languages do you like?', '2020-06-28 13:20:00', '2020-06-28 13:20:00'),
(3, 5, 'PythonとJavaScriptが好きです。', '2020-07-15 17:40:00', '2020-07-15 17:40:00'),
(4, 1, 'I like Python and JavaScript.', '2020-07-31 15:55:00', '2020-07-31 15:55:00'),
(1, 2, '最近読んだ本は何ですか？', '2020-08-14 10:20:00', '2020-08-14 10:20:00'),
(2, 3, 'What is the recent book you read?', '2020-08-28 21:45:00', '2020-08-28 21:45:00'),
(3, 3, '『嫌われる勇気』を読みました。', '2020-09-12 11:00:00', '2020-09-12 11:00:00'),
(4, 4, 'I read "The Courage to be Disliked".', '2020-09-26 18:15:00', '2020-09-26 18:15:00'),
(1, 5, 'おすすめの映画は何ですか？', '2020-10-11 14:35:00', '2020-10-11 14:35:00'),
(2, 1, 'What movie do you recommend?', '2020-10-28 12:50:00', '2020-10-28 12:50:00'),
(3, 2, '『千と千尋の神隠し』が好きです。', '2020-11-11 16:05:00', '2020-11-11 16:05:00'),
(4, 3, 'I like "Spirited Away".', '2020-11-27 20:20:00', '2020-11-27 20:20:00'),
(1, 4, 'データベースの設計について教えてください。', '2020-12-10 09:40:00', '2020-12-10 09:40:00'),
(2, 1, 'Please tell me about database design.', '2020-12-25 17:55:00', '2020-12-25 17:55:00'),
(3, 5, '正規化とインデックスを理解することが重要です。', '2021-01-09 19:10:00', '2021-01-09 19:10:00'),
(4, 4, 'Understanding normalization and indexes is important.', '2021-01-24 22:25:00', '2021-01-24 22:25:00'),
(1, 3, 'フロントエンドとバックエンドの違いは何ですか？', '2021-02-08 08:40:00', '2021-02-08 08:40:00'),
(2, 2, 'What is the difference between frontend and backend?', '2021-02-21 16:55:00', '2021-02-21 16:55:00'),
(3, 3, 'フロントエンドはUI/UX、バックエンドはサーバーサイドの処理です。', '2021-03-08 18:10:00', '2021-03-08 18:10:00'),
(4, 3, 'Frontend deals with UI/UX, while backend handles server-side processing.', '2021-03-22 21:25:00', '2021-03-22 21:25:00');

-- threads
INSERT INTO threads (parent_message_id, user_id, content, created_at, updated_at) VALUES
(1, 2, 'こんにちは、返信です。', '2019-01-05 10:15:00', '2019-01-05 10:15:00'),
(1, 3, 'Hello, this is a reply.', '2019-01-19 12:30:00', '2019-01-19 12:30:00'),
(1, 4, 'こちらも返信です。', '2019-02-02 14:45:00', '2019-02-02 14:45:00'),
(2, 1, 'Reply to the English message.', '2019-02-17 17:00:00', '2019-02-17 17:00:00'),
(2, 3, '英語のメッセージへの返信です。', '2019-03-04 19:15:00', '2019-03-04 19:15:00'),
(3, 1, 'Nice to meet you, user3!', '2019-03-18 21:30:00', '2019-03-18 21:30:00'),
(3, 2, 'ユーザー3さん、はじめまして！', '2019-04-01 23:45:00', '2019-04-01 23:45:00'),
(4, 3, 'Thank you!', '2019-04-16 02:00:00', '2019-04-16 02:00:00'),
(4, 4, 'ありがとう！', '2019-04-30 04:15:00', '2019-04-30 04:15:00'),
(5, 1, 'いいコードの例ですね！', '2019-05-14 06:30:00', '2019-05-14 06:30:00'),
(5, 2, 'Great code example!', '2019-05-28 08:45:00', '2019-05-28 08:45:00'),
(6, 3, 'コードの例が役立ちました！', '2019-06-11 11:00:00', '2019-06-11 11:00:00'),
(6, 4, 'The code example was helpful!', '2019-06-25 13:15:00', '2019-06-25 13:15:00'),
(7, 1, 'もっと詳しく教えてください。', '2019-07-09 15:30:00', '2019-07-09 15:30:00'),
(7, 2, 'Please provide more details.', '2019-07-23 17:45:00', '2019-07-23 17:45:00'),
(8, 3, '詳細について質問があります。', '2019-08-06 20:00:00', '2019-08-06 20:00:00'),
(8, 4, 'I have a question about the details.', '2019-08-20 22:15:00', '2019-08-20 22:15:00'),
(9, 1, '次のステップは何ですか？', '2019-09-03 00:30:00', '2019-09-03 00:30:00'),
(9, 2, 'What is the next step?', '2019-09-17 02:45:00', '2019-09-17 02:45:00'),
(10, 3, 'これからどうすればいいですか？', '2019-10-01 05:00:00', '2019-10-01 05:00:00'),
(10, 4, 'What should we do next?', '2019-10-15 07:15:00', '2019-10-15 07:15:00'),
(11, 1, '追加情報が必要です。', '2019-10-29 09:30:00', '2019-10-29 09:30:00'),
(11, 2, 'More information is needed.', '2019-11-12 11:45:00', '2019-11-12 11:45:00'),
(12, 3, 'もっと情報が欲しいです。', '2019-11-26 14:00:00', '2019-11-26 14:00:00'),
(12, 4, 'I would like more information.', '2019-12-10 16:15:00', '2019-12-10 16:15:00'),
(13, 1, 'コードの説明が分かりやすいです。', '2019-12-24 18:30:00', '2019-12-24 18:30:00'),
(13, 2, 'The code explanation is clear.', '2020-01-07 20:45:00', '2020-01-07 20:45:00'),
(14, 3, 'コードの解説が理解しやすいです。', '2020-01-21 23:00:00', '2020-01-21 23:00:00'),
(14, 4, 'The code explanation is easy to understand.', '2020-02-04 01:15:00', '2020-02-04 01:15:00'),
(15, 1, 'この問題をどのように解決しましたか？', '2020-02-18 03:30:00', '2020-02-18 03:30:00'),
(15, 2, 'How did you solve this problem?', '2020-03-03 05:45:00', '2020-03-03 05:45:00'),
(16, 3, '問題の解決方法を教えてください。', '2020-03-17 08:00:00', '2020-03-17 08:00:00'),
(16, 4, 'Please share your solution to the problem.', '2020-03-31 10:15:00', '2020-03-31 10:15:00'),
(17, 1, '参考になるリソースを教えてください。', '2020-04-14 12:30:00', '2020-04-14 12:30:00'),
(17, 2, 'Can you share some helpful resources?', '2020-04-28 14:45:00', '2020-04-28 14:45:00'),
(18, 3, '役立つリソースがあれば教えてください。', '2020-05-12 17:00:00', '2020-05-12 17:00:00'),
(18, 4, 'Please let me know if you have any useful resources.', '2020-05-26 19:15:00', '2020-05-26 19:15:00'),
(19, 1, '次回のミーティングはいつですか？', '2020-06-09 21:30:00', '2020-06-09 21:30:00'),
(19, 2, 'When is the next meeting?', '2020-06-23 23:45:00', '2020-06-23 23:45:00'),
(20, 3, '次の会合はいつですか？', '2020-07-07 02:00:00', '2020-07-07 02:00:00'),
(20, 4, 'When do we meet next time?', '2020-07-21 04:15:00', '2020-07-21 04:15:00'),
(21, 1, 'この機能の実装方法を教えてください。', '2020-08-04 06:30:00', '2020-08-04 06:30:00'),
(21, 2, 'How can I implement this feature?', '2020-08-18 08:45:00', '2020-08-18 08:45:00'),
(22, 3, 'この機能をどうやって実装するのですか？', '2020-09-01 11:00:00', '2020-09-01 11:00:00'),
(22, 4, 'What is the way to implement this functionality?', '2020-09-15 13:15:00', '2020-09-15 13:15:00'),
(23, 1, 'このエラーはどう解決しますか？', '2020-09-29 15:30:00', '2020-09-29 15:30:00'),
(23, 2, 'How can I fix this error?', '2020-10-13 17:45:00', '2020-10-13 17:45:00'),
(24, 3, 'このエラーの解決策は何ですか？', '2020-10-27 20:00:00', '2020-10-27 20:00:00'),
(24, 4, 'What is the solution for this error?', '2020-11-10 22:15:00', '2020-11-10 22:15:00'),
(25, 1, 'どのようにデバッグすればいいですか？', '2020-11-24 00:30:00', '2020-11-24 00:30:00'),
(25, 2, 'How should I debug this?', '2020-12-08 02:45:00', '2020-12-08 02:45:00'),
(26, 3, 'デバッグ方法を教えてください。', '2020-12-22 05:00:00', '2020-12-22 05:00:00'),
(26, 4, 'Please tell me how to debug this.', '2021-01-05 07:15:00', '2021-01-05 07:15:00'),
(27, 1, '最適化方法を教えてください。', '2021-01-19 09:30:00', '2021-01-19 09:30:00'),
(27, 2, 'What is the best way to optimize this?', '2021-02-02 11:45:00', '2021-02-02 11:45:00'),
(28, 3, 'このコードを最適化する方法は何ですか？', '2021-02-16 14:00:00', '2021-02-16 14:00:00'),
(28, 4, 'How can I optimize this code?', '2021-03-02 16:15:00', '2021-03-02 16:15:00'),
(29, 1, 'プロジェクトの進捗状況はどうですか？', '2021-03-16 18:30:00', '2021-03-16 18:30:00'),
(29, 2, 'What is the status of the project?', '2021-03-30 20:45:00', '2021-03-30 20:45:00'),
(30, 3, 'プロジェクトの進行状況を教えてください。', '2021-04-13 23:00:00', '2021-04-13 23:00:00'),
(30, 4, 'Please update me on the project progress.', '2021-04-27 01:15:00', '2021-04-27 01:15:00');